1975,https://www.decathlon2000.com/4410/gotzis-1975/
1976,https://www.decathlon2000.com/4409/gotzis-1976/
1977,https://www.decathlon2000.com/4408/gotzis-1977/
1978,https://www.decathlon2000.com/4407/gotzis-1978/
1979,https://www.decathlon2000.com/4406/gotzis-1979/
1980,https://www.decathlon2000.com/4099/gotzis-1980/
1981,https://www.decathlon2000.com/4403/gotzis-1981/
1982,https://www.decathlon2000.com/4100/gotzis-1982/
1983,https://www.decathlon2000.com/4402/gotzis-1983/
1984,https://www.decathlon2000.com/4401/gotzis-1984/
1985,https://www.decathlon2000.com/4399/gotzis-1985/
1986,https://www.decathlon2000.com/4398/gotzis-1986/
1987,https://www.decathlon2000.com/4397/gotzis-1987/
1988,https://www.decathlon2000.com/697/gotzis-1988/
1989,https://www.decathlon2000.com/709/gotzis-1989/
1990,https://www.decathlon2000.com/710/gotzis-1990/
1991,https://www.decathlon2000.com/711/gotzis-1991/
1992,https://www.decathlon2000.com/712/gotzis-1992/
1993,https://www.decathlon2000.com/713/gotzis-1993/
1994,https://www.decathlon2000.com/714/gotzis-1994/
1995,https://www.decathlon2000.com/715/gotzis-1995/
1996,https://www.decathlon2000.com/716/gotzis-1996/
1997,https://www.decathlon2000.com/717/gotzis-1997/
1998,https://www.decathlon2000.com/718/gotzis-1998/
1999,https://www.decathlon2000.com/719/gotzis-1999/
2000,https://www.decathlon2000.com/720/gotzis-2000/
2001,https://www.decathlon2000.com/721/gotzis-2001/
2002,https://www.decathlon2000.com/722/gotzis-2002/
2003,https://www.decathlon2000.com/754/gotzis-2003/
2004,https://www.decathlon2000.com/759/gotzis-2004/
2005,https://www.decathlon2000.com/764/gotzis-2005/
2006,https://www.decathlon2000.com/786/gotzis-2006/
2007,https://www.decathlon2000.com/1095/gotzis-2007/
2008,https://www.decathlon2000.com/1236/gotzis-2008/
2009,https://www.decathlon2000.com/1342/gotzis-2009/
2010,https://www.decathlon2000.com/1477/gotzis-2010/
2011,https://www.decathlon2000.com/3170/gotzis-2011/
2012,https://www.decathlon2000.com/3195/gotzis-2012/
2013,https://www.decathlon2000.com/3224/gotzis-2013/
2014,https://www.decathlon2000.com/3288/gotzis-2014/
2015,https://www.decathlon2000.com/3302/gotzis-2015/
2016,https://www.decathlon2000.com/3900/gotzis-2016/
2017,https://www.decathlon2000.com/3950/gotzis-2017/
2018,https://www.decathlon2000.com/4015/gotzis-2018/
2019,https://www.decathlon2000.com/4048/gotzis-2019/
2021,https://www.decathlon2000.com/4110/gotzis-2021/
2022,https://www.decathlon2000.com/4330/gotzis-2022/
2023,https://www.decathlon2000.com/4350/gotzis-2023/
2024,https://www.decathlon2000.com/4494/gotzis-2024/
2025,https://www.decathlon2000.com/4604/gotzis-2025/
