2007,https://www.decathlon2000.com/1575/kladno-2007/
2008,https://www.decathlon2000.com/1572/kladno-2008/
2009,https://www.decathlon2000.com/1544/kladno-2009/
2010,https://www.decathlon2000.com/1541/kladno-2010/
2011,https://www.decathlon2000.com/3209/kladno-2011/
2012,https://www.decathlon2000.com/3210/kladno-2012/
2013,https://www.decathlon2000.com/3225/kladno-2013/
2014,https://www.decathlon2000.com/3843/kladno-2014/
2015,https://www.decathlon2000.com/3844/kladno-2015/
2016,https://www.decathlon2000.com/3912/kladno-2016/
2017,https://www.decathlon2000.com/4008/kladno-2017/
2018,https://www.decathlon2000.com/4026/kladno-2018/
