1986,https://www.decathlon2000.com/4414/talence-1986/
1987,https://www.decathlon2000.com/4413/talence-1987/
1988,https://www.decathlon2000.com/4095/talence-1988/
1989,https://www.decathlon2000.com/702/talence-1989/
1990,https://www.decathlon2000.com/703/talence-1990/
1991,https://www.decathlon2000.com/704/talence-1991/
1992,https://www.decathlon2000.com/734/talence-1992/
1993,https://www.decathlon2000.com/735/talence-1993/
1994,https://www.decathlon2000.com/736/talence-1994/
1995,https://www.decathlon2000.com/737/talence-1995/
1996,https://www.decathlon2000.com/738/talence-1996/
1997,https://www.decathlon2000.com/739/talence-1997/
1998,https://www.decathlon2000.com/740/talence-1998/
1999,https://www.decathlon2000.com/741/talence-1999/
2000,https://www.decathlon2000.com/742/talence-2000/
2001,https://www.decathlon2000.com/743/talence-2001/
2002,https://www.decathlon2000.com/744/talence-2002/
2003,https://www.decathlon2000.com/758/talence-2003/
2004,https://www.decathlon2000.com/762/talence-2004/
2005,https://www.decathlon2000.com/768/talence-2005/
2006,https://www.decathlon2000.com/999/talence-2006/
2007,https://www.decathlon2000.com/1163/talence-2007/
2008,https://www.decathlon2000.com/1289/talence-2008/
2009,https://www.decathlon2000.com/1395/talence-2009/
2010,https://www.decathlon2000.com/2480/talence-2010/
2011,https://www.decathlon2000.com/3207/talence-2011/
2012,https://www.decathlon2000.com/3217/talence-2012/
2013,https://www.decathlon2000.com/3239/talence-2013/
2014,https://www.decathlon2000.com/3290/talence-2014/
2015,https://www.decathlon2000.com/3862/talence-2015/
2016,https://www.decathlon2000.com/3939/talence-2016/
2017,https://www.decathlon2000.com/4010/talence-2017/
2018,https://www.decathlon2000.com/4028/talence-2018/
2019,https://www.decathlon2000.com/4057/talence-2019/
2022,https://www.decathlon2000.com/4342/talence-2022/
2023,https://www.decathlon2000.com/4376/talence-2023/
2024,https://www.decathlon2000.com/4520/talence-2024/
2025,https://www.decathlon2000.com/4606/talence-2025/
